task,num_samples,labels,accuracy,macro_f1,confusion_matrix
allocine,20000,"[0, 1]",0.5204,0.3422783478029845,"[[10408, 0], [9592, 0]]"
qfrcola,7546,"[0, 1]",0.6838059899284389,0.4331316066798022,"[[71, 2231], [155, 5089]]"
paws_x,2000,"[0, 1]",0.5485,0.3542137552467843,"[[1097, 0], [903, 0]]"
french_boolq,178,"[0, 1]",0.5,0.3333333333331086,"[[89, 0], [89, 0]]"
mms,63190,"[0, 1, 2]",0.3996834942237696,0.1903685111064526,"[[25256, 0, 0], [12974, 0, 0], [24960, 0, 0]]"
qfrblimp,529,"[0, 1]",0.5141776937618148,0.48495823309860664,"[[73, 181], [76, 199]]"
qfrcore,4633,"[0, 1, 2, 3, 4, 5, 6, 7, 8, 9]",0.10338873300237428,0.03327130917796073,"[[65, 0, 0, 0, 0, 0, 0, 0, 0, 403], [55, 0, 0, 4, 0, 0, 0, 0, 0, 376], [64, 0, 0, 4, 0, 0, 0, 0, 0, 413], [56, 0, 0, 3, 0, 0, 0, 0, 0, 411], [66, 0, 0, 4, 0, 0, 0, 0, 0, 404], [81, 0, 0, 5, 0, 0, 0, 0, 0, 413], [68, 0, 0, 3, 0, 0, 0, 0, 0, 348], [101, 0, 0, 3, 0, 0, 0, 0, 4, 372], [92, 0, 0, 6, 0, 0, 1, 0, 5, 356], [36, 0, 0, 5, 0, 0, 0, 0, 0, 406]]"
qfrcort,171,"[0, 1, 2, 3, 4, 5, 6, 7, 8, 9]",0.09941520467836257,0.025589225589164773,"[[1, 0, 0, 0, 0, 0, 0, 0, 0, 18], [0, 0, 0, 0, 0, 0, 0, 0, 0, 16], [1, 0, 0, 0, 0, 0, 0, 0, 0, 14], [1, 0, 0, 0, 0, 0, 0, 0, 0, 21], [0, 0, 0, 2, 0, 0, 0, 0, 0, 16], [1, 0, 0, 0, 0, 0, 0, 0, 0, 19], [1, 0, 0, 0, 0, 0, 0, 0, 0, 13], [1, 0, 0, 1, 0, 0, 0, 0, 0, 11], [0, 0, 0, 2, 0, 0, 0, 0, 0, 14], [2, 0, 0, 0, 0, 0, 0, 0, 0, 16]]"
