task,num_samples,labels,accuracy,macro_f1,confusion_matrix
allocine,20000,"[0, 1]",0.5204,0.3422783478029845,"[[10408, 0], [9592, 0]]"
qfrcola,7546,"[0, 1]",0.3074476543864299,0.24013064187920294,"[[2283, 19], [5207, 37]]"
paws_x,2000,"[0, 1]",0.5485,0.3542137552467843,"[[1097, 0], [903, 0]]"
french_boolq,178,"[0, 1]",0.5,0.3333333333331086,"[[89, 0], [89, 0]]"
mms,63190,"[0, 1, 2]",0.3996834942237696,0.1903685111064526,"[[25256, 0, 0], [12974, 0, 0], [24960, 0, 0]]"
qfrblimp,529,"[0, 1]",0.48015122873345933,0.3243933588758975,"[[254, 0], [275, 0]]"
qfrcore,4633,"[0, 1, 2, 3, 4, 5, 6, 7, 8, 9]",0.09777681847614936,0.03222092274070609,"[[107, 361, 0, 0, 0, 0, 0, 0, 0, 0], [89, 346, 0, 0, 0, 0, 0, 0, 0, 0], [103, 378, 0, 0, 0, 0, 0, 0, 0, 0], [101, 369, 0, 0, 0, 0, 0, 0, 0, 0], [88, 386, 0, 0, 0, 0, 0, 0, 0, 0], [104, 393, 1, 0, 0, 0, 0, 0, 0, 1], [84, 335, 0, 0, 0, 0, 0, 0, 0, 0], [88, 391, 1, 0, 0, 0, 0, 0, 0, 0], [80, 380, 0, 0, 0, 0, 0, 0, 0, 0], [61, 386, 0, 0, 0, 0, 0, 0, 0, 0]]"
qfrcort,171,"[0, 1, 2, 3, 4, 5, 6, 7, 8, 9]",0.0935672514619883,0.035364612775515974,"[[7, 12, 0, 0, 0, 0, 0, 0, 0, 0], [7, 9, 0, 0, 0, 0, 0, 0, 0, 0], [5, 10, 0, 0, 0, 0, 0, 0, 0, 0], [3, 19, 0, 0, 0, 0, 0, 0, 0, 0], [3, 15, 0, 0, 0, 0, 0, 0, 0, 0], [3, 17, 0, 0, 0, 0, 0, 0, 0, 0], [4, 10, 0, 0, 0, 0, 0, 0, 0, 0], [2, 11, 0, 0, 0, 0, 0, 0, 0, 0], [4, 12, 0, 0, 0, 0, 0, 0, 0, 0], [4, 14, 0, 0, 0, 0, 0, 0, 0, 0]]"
